phase,condition,env_name,episode,seed,success,steps,elapsed_s,video_path,actions_path
explore_lpf_alpha_v5,overlap_stride8_lpf07,bimanual_microwave_cook,0,0,False,1100,116.8904222138226,ORIGINAL_RESULT_ROOT/explore_lpf_alpha_v5/overlap_stride8_lpf07/bimanual_microwave_cook/episode_00_failure.mp4,ORIGINAL_RESULT_ROOT/explore_lpf_alpha_v5/overlap_stride8_lpf07/bimanual_microwave_cook/episode_00_failure_actions.npz
explore_lpf_alpha_v5,overlap_stride8_lpf07,bimanual_microwave_cook,1,1,True,682,55.56395671144128,ORIGINAL_RESULT_ROOT/explore_lpf_alpha_v5/overlap_stride8_lpf07/bimanual_microwave_cook/episode_01_success.mp4,ORIGINAL_RESULT_ROOT/explore_lpf_alpha_v5/overlap_stride8_lpf07/bimanual_microwave_cook/episode_01_success_actions.npz
explore_lpf_alpha_v5,overlap_stride8_lpf07,bimanual_microwave_cook,2,2,True,655,55.27112105675042,ORIGINAL_RESULT_ROOT/explore_lpf_alpha_v5/overlap_stride8_lpf07/bimanual_microwave_cook/episode_02_success.mp4,ORIGINAL_RESULT_ROOT/explore_lpf_alpha_v5/overlap_stride8_lpf07/bimanual_microwave_cook/episode_02_success_actions.npz
explore_lpf_alpha_v5,overlap_stride8_lpf07,bimanual_microwave_cook,3,3,True,630,56.43554709665477,ORIGINAL_RESULT_ROOT/explore_lpf_alpha_v5/overlap_stride8_lpf07/bimanual_microwave_cook/episode_03_success.mp4,ORIGINAL_RESULT_ROOT/explore_lpf_alpha_v5/overlap_stride8_lpf07/bimanual_microwave_cook/episode_03_success_actions.npz
explore_lpf_alpha_v5,overlap_stride8_lpf07,bimanual_microwave_cook,4,4,False,1100,92.51055513881147,ORIGINAL_RESULT_ROOT/explore_lpf_alpha_v5/overlap_stride8_lpf07/bimanual_microwave_cook/episode_04_failure.mp4,ORIGINAL_RESULT_ROOT/explore_lpf_alpha_v5/overlap_stride8_lpf07/bimanual_microwave_cook/episode_04_failure_actions.npz
explore_lpf_alpha_v5,overlap_stride8_lpf07,bimanual_microwave_cook,5,5,False,1100,89.2228326331824,ORIGINAL_RESULT_ROOT/explore_lpf_alpha_v5/overlap_stride8_lpf07/bimanual_microwave_cook/episode_05_failure.mp4,ORIGINAL_RESULT_ROOT/explore_lpf_alpha_v5/overlap_stride8_lpf07/bimanual_microwave_cook/episode_05_failure_actions.npz
explore_lpf_alpha_v5,overlap_stride8_lpf07,bimanual_microwave_cook,6,6,False,1100,91.56738902814686,ORIGINAL_RESULT_ROOT/explore_lpf_alpha_v5/overlap_stride8_lpf07/bimanual_microwave_cook/episode_06_failure.mp4,ORIGINAL_RESULT_ROOT/explore_lpf_alpha_v5/overlap_stride8_lpf07/bimanual_microwave_cook/episode_06_failure_actions.npz
explore_lpf_alpha_v5,overlap_stride8_lpf07,bimanual_microwave_cook,7,7,False,1100,87.03852942213416,ORIGINAL_RESULT_ROOT/explore_lpf_alpha_v5/overlap_stride8_lpf07/bimanual_microwave_cook/episode_07_failure.mp4,ORIGINAL_RESULT_ROOT/explore_lpf_alpha_v5/overlap_stride8_lpf07/bimanual_microwave_cook/episode_07_failure_actions.npz
explore_lpf_alpha_v5,overlap_stride8_lpf07,bimanual_microwave_cook,8,8,False,1100,98.8543090801686,ORIGINAL_RESULT_ROOT/explore_lpf_alpha_v5/overlap_stride8_lpf07/bimanual_microwave_cook/episode_08_failure.mp4,ORIGINAL_RESULT_ROOT/explore_lpf_alpha_v5/overlap_stride8_lpf07/bimanual_microwave_cook/episode_08_failure_actions.npz
explore_lpf_alpha_v5,overlap_stride8_lpf07,bimanual_microwave_cook,9,9,False,1100,98.79997389391065,ORIGINAL_RESULT_ROOT/explore_lpf_alpha_v5/overlap_stride8_lpf07/bimanual_microwave_cook/episode_09_failure.mp4,ORIGINAL_RESULT_ROOT/explore_lpf_alpha_v5/overlap_stride8_lpf07/bimanual_microwave_cook/episode_09_failure_actions.npz
explore_stride8_controls_v5,overlap_stride8,bimanual_microwave_cook,0,0,True,803,100.13922124542296,ORIGINAL_RESULT_ROOT/explore_stride8_controls_v5/overlap_stride8/bimanual_microwave_cook/episode_00_success.mp4,ORIGINAL_RESULT_ROOT/explore_stride8_controls_v5/overlap_stride8/bimanual_microwave_cook/episode_00_success_actions.npz
explore_stride8_controls_v5,overlap_stride8,bimanual_microwave_cook,1,1,True,717,66.9823178127408,ORIGINAL_RESULT_ROOT/explore_stride8_controls_v5/overlap_stride8/bimanual_microwave_cook/episode_01_success.mp4,ORIGINAL_RESULT_ROOT/explore_stride8_controls_v5/overlap_stride8/bimanual_microwave_cook/episode_01_success_actions.npz
explore_stride8_controls_v5,overlap_stride8,bimanual_microwave_cook,2,2,True,676,65.03061798773706,ORIGINAL_RESULT_ROOT/explore_stride8_controls_v5/overlap_stride8/bimanual_microwave_cook/episode_02_success.mp4,ORIGINAL_RESULT_ROOT/explore_stride8_controls_v5/overlap_stride8/bimanual_microwave_cook/episode_02_success_actions.npz
explore_stride8_controls_v5,overlap_stride8,bimanual_microwave_cook,3,3,True,810,70.92540312185884,ORIGINAL_RESULT_ROOT/explore_stride8_controls_v5/overlap_stride8/bimanual_microwave_cook/episode_03_success.mp4,ORIGINAL_RESULT_ROOT/explore_stride8_controls_v5/overlap_stride8/bimanual_microwave_cook/episode_03_success_actions.npz
explore_stride8_controls_v5,overlap_stride8,bimanual_microwave_cook,4,4,False,1100,90.29410909116268,ORIGINAL_RESULT_ROOT/explore_stride8_controls_v5/overlap_stride8/bimanual_microwave_cook/episode_04_failure.mp4,ORIGINAL_RESULT_ROOT/explore_stride8_controls_v5/overlap_stride8/bimanual_microwave_cook/episode_04_failure_actions.npz
explore_stride8_controls_v5,overlap_stride8,bimanual_microwave_cook,5,5,False,1100,90.74396567232907,ORIGINAL_RESULT_ROOT/explore_stride8_controls_v5/overlap_stride8/bimanual_microwave_cook/episode_05_failure.mp4,ORIGINAL_RESULT_ROOT/explore_stride8_controls_v5/overlap_stride8/bimanual_microwave_cook/episode_05_failure_actions.npz
explore_stride8_controls_v5,overlap_stride8,bimanual_microwave_cook,6,6,False,1100,88.61945172399282,ORIGINAL_RESULT_ROOT/explore_stride8_controls_v5/overlap_stride8/bimanual_microwave_cook/episode_06_failure.mp4,ORIGINAL_RESULT_ROOT/explore_stride8_controls_v5/overlap_stride8/bimanual_microwave_cook/episode_06_failure_actions.npz
explore_stride8_controls_v5,overlap_stride8,bimanual_microwave_cook,7,7,False,1100,90.59760847501457,ORIGINAL_RESULT_ROOT/explore_stride8_controls_v5/overlap_stride8/bimanual_microwave_cook/episode_07_failure.mp4,ORIGINAL_RESULT_ROOT/explore_stride8_controls_v5/overlap_stride8/bimanual_microwave_cook/episode_07_failure_actions.npz
explore_stride8_controls_v5,overlap_stride8,bimanual_microwave_cook,8,8,False,1100,90.1545710992068,ORIGINAL_RESULT_ROOT/explore_stride8_controls_v5/overlap_stride8/bimanual_microwave_cook/episode_08_failure.mp4,ORIGINAL_RESULT_ROOT/explore_stride8_controls_v5/overlap_stride8/bimanual_microwave_cook/episode_08_failure_actions.npz
explore_stride8_controls_v5,overlap_stride8,bimanual_microwave_cook,9,9,False,1100,84.7863602116704,ORIGINAL_RESULT_ROOT/explore_stride8_controls_v5/overlap_stride8/bimanual_microwave_cook/episode_09_failure.mp4,ORIGINAL_RESULT_ROOT/explore_stride8_controls_v5/overlap_stride8/bimanual_microwave_cook/episode_09_failure_actions.npz
explore_stride8_controls_v5,overlap_stride8_lpf03,bimanual_microwave_cook,0,0,False,1100,115.138129780069,ORIGINAL_RESULT_ROOT/explore_stride8_controls_v5/overlap_stride8_lpf03/bimanual_microwave_cook/episode_00_failure.mp4,ORIGINAL_RESULT_ROOT/explore_stride8_controls_v5/overlap_stride8_lpf03/bimanual_microwave_cook/episode_00_failure_actions.npz
explore_stride8_controls_v5,overlap_stride8_lpf03,bimanual_microwave_cook,1,1,True,829,73.72573596425354,ORIGINAL_RESULT_ROOT/explore_stride8_controls_v5/overlap_stride8_lpf03/bimanual_microwave_cook/episode_01_success.mp4,ORIGINAL_RESULT_ROOT/explore_stride8_controls_v5/overlap_stride8_lpf03/bimanual_microwave_cook/episode_01_success_actions.npz
explore_stride8_controls_v5,overlap_stride8_lpf03,bimanual_microwave_cook,2,2,False,1100,88.58162873797119,ORIGINAL_RESULT_ROOT/explore_stride8_controls_v5/overlap_stride8_lpf03/bimanual_microwave_cook/episode_02_failure.mp4,ORIGINAL_RESULT_ROOT/explore_stride8_controls_v5/overlap_stride8_lpf03/bimanual_microwave_cook/episode_02_failure_actions.npz
explore_stride8_controls_v5,overlap_stride8_lpf03,bimanual_microwave_cook,3,3,False,1100,93.70646685361862,ORIGINAL_RESULT_ROOT/explore_stride8_controls_v5/overlap_stride8_lpf03/bimanual_microwave_cook/episode_03_failure.mp4,ORIGINAL_RESULT_ROOT/explore_stride8_controls_v5/overlap_stride8_lpf03/bimanual_microwave_cook/episode_03_failure_actions.npz
explore_stride8_controls_v5,overlap_stride8_lpf03,bimanual_microwave_cook,4,4,False,1100,85.18391836434603,ORIGINAL_RESULT_ROOT/explore_stride8_controls_v5/overlap_stride8_lpf03/bimanual_microwave_cook/episode_04_failure.mp4,ORIGINAL_RESULT_ROOT/explore_stride8_controls_v5/overlap_stride8_lpf03/bimanual_microwave_cook/episode_04_failure_actions.npz
explore_stride8_controls_v5,overlap_stride8_lpf03,bimanual_microwave_cook,5,5,False,1100,90.75244377553463,ORIGINAL_RESULT_ROOT/explore_stride8_controls_v5/overlap_stride8_lpf03/bimanual_microwave_cook/episode_05_failure.mp4,ORIGINAL_RESULT_ROOT/explore_stride8_controls_v5/overlap_stride8_lpf03/bimanual_microwave_cook/episode_05_failure_actions.npz
explore_stride8_controls_v5,overlap_stride8_lpf03,bimanual_microwave_cook,6,6,False,1100,91.41542233340442,ORIGINAL_RESULT_ROOT/explore_stride8_controls_v5/overlap_stride8_lpf03/bimanual_microwave_cook/episode_06_failure.mp4,ORIGINAL_RESULT_ROOT/explore_stride8_controls_v5/overlap_stride8_lpf03/bimanual_microwave_cook/episode_06_failure_actions.npz
explore_stride8_controls_v5,overlap_stride8_lpf03,bimanual_microwave_cook,7,7,False,1100,87.26715931296349,ORIGINAL_RESULT_ROOT/explore_stride8_controls_v5/overlap_stride8_lpf03/bimanual_microwave_cook/episode_07_failure.mp4,ORIGINAL_RESULT_ROOT/explore_stride8_controls_v5/overlap_stride8_lpf03/bimanual_microwave_cook/episode_07_failure_actions.npz
explore_stride8_controls_v5,overlap_stride8_lpf03,bimanual_microwave_cook,8,8,True,674,63.75029087252915,ORIGINAL_RESULT_ROOT/explore_stride8_controls_v5/overlap_stride8_lpf03/bimanual_microwave_cook/episode_08_success.mp4,ORIGINAL_RESULT_ROOT/explore_stride8_controls_v5/overlap_stride8_lpf03/bimanual_microwave_cook/episode_08_success_actions.npz
explore_stride8_controls_v5,overlap_stride8_lpf03,bimanual_microwave_cook,9,9,False,1100,84.49065008759499,ORIGINAL_RESULT_ROOT/explore_stride8_controls_v5/overlap_stride8_lpf03/bimanual_microwave_cook/episode_09_failure.mp4,ORIGINAL_RESULT_ROOT/explore_stride8_controls_v5/overlap_stride8_lpf03/bimanual_microwave_cook/episode_09_failure_actions.npz
phase0_smoke_blocking_v5,phase0_blocking_stride24,bimanual_microwave_cook,0,0,False,1100,146.00910262018442,ORIGINAL_RESULT_ROOT/phase0_smoke_blocking_v5/phase0_blocking_stride24/bimanual_microwave_cook/episode_00_failure.mp4,ORIGINAL_RESULT_ROOT/phase0_smoke_blocking_v5/phase0_blocking_stride24/bimanual_microwave_cook/episode_00_failure_actions.npz
phase1_minimal_batchA_v5,overlap_stride24,bimanual_microwave_cook,0,0,False,1100,161.56885104440153,ORIGINAL_RESULT_ROOT/phase1_minimal_batchA_v5/overlap_stride24/bimanual_microwave_cook/episode_00_failure.mp4,ORIGINAL_RESULT_ROOT/phase1_minimal_batchA_v5/overlap_stride24/bimanual_microwave_cook/episode_00_failure_actions.npz
phase1_minimal_batchA_v5,overlap_stride24,bimanual_microwave_cook,1,1,False,1100,121.94296746887267,ORIGINAL_RESULT_ROOT/phase1_minimal_batchA_v5/overlap_stride24/bimanual_microwave_cook/episode_01_failure.mp4,ORIGINAL_RESULT_ROOT/phase1_minimal_batchA_v5/overlap_stride24/bimanual_microwave_cook/episode_01_failure_actions.npz
phase1_minimal_batchA_v5,overlap_stride24,bimanual_microwave_cook,2,2,False,1100,122.13142121955752,ORIGINAL_RESULT_ROOT/phase1_minimal_batchA_v5/overlap_stride24/bimanual_microwave_cook/episode_02_failure.mp4,ORIGINAL_RESULT_ROOT/phase1_minimal_batchA_v5/overlap_stride24/bimanual_microwave_cook/episode_02_failure_actions.npz
phase1_minimal_batchA_v5,overlap_stride24,bimanual_microwave_cook,3,3,False,1100,121.2840679474175,ORIGINAL_RESULT_ROOT/phase1_minimal_batchA_v5/overlap_stride24/bimanual_microwave_cook/episode_03_failure.mp4,ORIGINAL_RESULT_ROOT/phase1_minimal_batchA_v5/overlap_stride24/bimanual_microwave_cook/episode_03_failure_actions.npz
phase1_minimal_batchA_v5,overlap_stride24,bimanual_microwave_cook,4,4,False,1100,122.77243987098336,ORIGINAL_RESULT_ROOT/phase1_minimal_batchA_v5/overlap_stride24/bimanual_microwave_cook/episode_04_failure.mp4,ORIGINAL_RESULT_ROOT/phase1_minimal_batchA_v5/overlap_stride24/bimanual_microwave_cook/episode_04_failure_actions.npz
phase1_minimal_batchA_v5,sync_default25,bimanual_microwave_cook,0,0,False,1100,162.5436202455312,ORIGINAL_RESULT_ROOT/phase1_minimal_batchA_v5/sync_default25/bimanual_microwave_cook/episode_00_failure.mp4,ORIGINAL_RESULT_ROOT/phase1_minimal_batchA_v5/sync_default25/bimanual_microwave_cook/episode_00_failure_actions.npz
phase1_minimal_batchA_v5,sync_default25,bimanual_microwave_cook,1,1,False,1100,141.05163073167205,ORIGINAL_RESULT_ROOT/phase1_minimal_batchA_v5/sync_default25/bimanual_microwave_cook/episode_01_failure.mp4,ORIGINAL_RESULT_ROOT/phase1_minimal_batchA_v5/sync_default25/bimanual_microwave_cook/episode_01_failure_actions.npz
phase1_minimal_batchA_v5,sync_default25,bimanual_microwave_cook,2,2,False,1100,132.84882205165923,ORIGINAL_RESULT_ROOT/phase1_minimal_batchA_v5/sync_default25/bimanual_microwave_cook/episode_02_failure.mp4,ORIGINAL_RESULT_ROOT/phase1_minimal_batchA_v5/sync_default25/bimanual_microwave_cook/episode_02_failure_actions.npz
phase1_minimal_batchA_v5,sync_default25,bimanual_microwave_cook,3,3,False,1100,133.2190717086196,ORIGINAL_RESULT_ROOT/phase1_minimal_batchA_v5/sync_default25/bimanual_microwave_cook/episode_03_failure.mp4,ORIGINAL_RESULT_ROOT/phase1_minimal_batchA_v5/sync_default25/bimanual_microwave_cook/episode_03_failure_actions.npz
phase1_minimal_batchA_v5,sync_default25,bimanual_microwave_cook,4,4,False,1100,135.00215198285878,ORIGINAL_RESULT_ROOT/phase1_minimal_batchA_v5/sync_default25/bimanual_microwave_cook/episode_04_failure.mp4,ORIGINAL_RESULT_ROOT/phase1_minimal_batchA_v5/sync_default25/bimanual_microwave_cook/episode_04_failure_actions.npz
phase1_minimal_batchA_v5,sync_stride24,bimanual_microwave_cook,0,0,False,1100,189.18709751218557,ORIGINAL_RESULT_ROOT/phase1_minimal_batchA_v5/sync_stride24/bimanual_microwave_cook/episode_00_failure.mp4,ORIGINAL_RESULT_ROOT/phase1_minimal_batchA_v5/sync_stride24/bimanual_microwave_cook/episode_00_failure_actions.npz
phase1_minimal_batchA_v5,sync_stride24,bimanual_microwave_cook,1,1,False,1100,148.40801781229675,ORIGINAL_RESULT_ROOT/phase1_minimal_batchA_v5/sync_stride24/bimanual_microwave_cook/episode_01_failure.mp4,ORIGINAL_RESULT_ROOT/phase1_minimal_batchA_v5/sync_stride24/bimanual_microwave_cook/episode_01_failure_actions.npz
phase1_minimal_batchA_v5,sync_stride24,bimanual_microwave_cook,2,2,False,1100,149.79094043187797,ORIGINAL_RESULT_ROOT/phase1_minimal_batchA_v5/sync_stride24/bimanual_microwave_cook/episode_02_failure.mp4,ORIGINAL_RESULT_ROOT/phase1_minimal_batchA_v5/sync_stride24/bimanual_microwave_cook/episode_02_failure_actions.npz
phase1_minimal_batchA_v5,sync_stride24,bimanual_microwave_cook,3,3,True,1026,143.2901237104088,ORIGINAL_RESULT_ROOT/phase1_minimal_batchA_v5/sync_stride24/bimanual_microwave_cook/episode_03_success.mp4,ORIGINAL_RESULT_ROOT/phase1_minimal_batchA_v5/sync_stride24/bimanual_microwave_cook/episode_03_success_actions.npz
phase1_minimal_batchA_v5,sync_stride24,bimanual_microwave_cook,4,4,False,1100,145.17263253219426,ORIGINAL_RESULT_ROOT/phase1_minimal_batchA_v5/sync_stride24/bimanual_microwave_cook/episode_04_failure.mp4,ORIGINAL_RESULT_ROOT/phase1_minimal_batchA_v5/sync_stride24/bimanual_microwave_cook/episode_04_failure_actions.npz
phase1_minimal_batchA_v5,sync_stride24_lpf,bimanual_microwave_cook,0,0,False,1100,181.76084904372692,ORIGINAL_RESULT_ROOT/phase1_minimal_batchA_v5/sync_stride24_lpf/bimanual_microwave_cook/episode_00_failure.mp4,ORIGINAL_RESULT_ROOT/phase1_minimal_batchA_v5/sync_stride24_lpf/bimanual_microwave_cook/episode_00_failure_actions.npz
phase1_minimal_batchA_v5,sync_stride24_lpf,bimanual_microwave_cook,1,1,False,1100,134.92352668382227,ORIGINAL_RESULT_ROOT/phase1_minimal_batchA_v5/sync_stride24_lpf/bimanual_microwave_cook/episode_01_failure.mp4,ORIGINAL_RESULT_ROOT/phase1_minimal_batchA_v5/sync_stride24_lpf/bimanual_microwave_cook/episode_01_failure_actions.npz
phase1_minimal_batchA_v5,sync_stride24_lpf,bimanual_microwave_cook,2,2,False,1100,138.18429036810994,ORIGINAL_RESULT_ROOT/phase1_minimal_batchA_v5/sync_stride24_lpf/bimanual_microwave_cook/episode_02_failure.mp4,ORIGINAL_RESULT_ROOT/phase1_minimal_batchA_v5/sync_stride24_lpf/bimanual_microwave_cook/episode_02_failure_actions.npz
phase1_minimal_batchA_v5,sync_stride24_lpf,bimanual_microwave_cook,3,3,True,1092,131.72086879611015,ORIGINAL_RESULT_ROOT/phase1_minimal_batchA_v5/sync_stride24_lpf/bimanual_microwave_cook/episode_03_success.mp4,ORIGINAL_RESULT_ROOT/phase1_minimal_batchA_v5/sync_stride24_lpf/bimanual_microwave_cook/episode_03_success_actions.npz
phase1_minimal_batchA_v5,sync_stride24_lpf,bimanual_microwave_cook,4,4,False,1100,131.42497180961072,ORIGINAL_RESULT_ROOT/phase1_minimal_batchA_v5/sync_stride24_lpf/bimanual_microwave_cook/episode_04_failure.mp4,ORIGINAL_RESULT_ROOT/phase1_minimal_batchA_v5/sync_stride24_lpf/bimanual_microwave_cook/episode_04_failure_actions.npz
phase1_minimal_batchB_v5,overlap_stride24_lpf,bimanual_microwave_cook,0,0,False,1100,130.78877430409193,ORIGINAL_RESULT_ROOT/phase1_minimal_batchB_v5/overlap_stride24_lpf/bimanual_microwave_cook/episode_00_failure.mp4,ORIGINAL_RESULT_ROOT/phase1_minimal_batchB_v5/overlap_stride24_lpf/bimanual_microwave_cook/episode_00_failure_actions.npz
phase1_minimal_batchB_v5,overlap_stride24_lpf,bimanual_microwave_cook,1,1,False,1100,113.98704327829182,ORIGINAL_RESULT_ROOT/phase1_minimal_batchB_v5/overlap_stride24_lpf/bimanual_microwave_cook/episode_01_failure.mp4,ORIGINAL_RESULT_ROOT/phase1_minimal_batchB_v5/overlap_stride24_lpf/bimanual_microwave_cook/episode_01_failure_actions.npz
phase1_minimal_batchB_v5,overlap_stride24_lpf,bimanual_microwave_cook,2,2,False,1100,117.37929444015026,ORIGINAL_RESULT_ROOT/phase1_minimal_batchB_v5/overlap_stride24_lpf/bimanual_microwave_cook/episode_02_failure.mp4,ORIGINAL_RESULT_ROOT/phase1_minimal_batchB_v5/overlap_stride24_lpf/bimanual_microwave_cook/episode_02_failure_actions.npz
phase1_minimal_batchB_v5,overlap_stride24_lpf,bimanual_microwave_cook,3,3,True,976,106.79838959500194,ORIGINAL_RESULT_ROOT/phase1_minimal_batchB_v5/overlap_stride24_lpf/bimanual_microwave_cook/episode_03_success.mp4,ORIGINAL_RESULT_ROOT/phase1_minimal_batchB_v5/overlap_stride24_lpf/bimanual_microwave_cook/episode_03_success_actions.npz
phase1_minimal_batchB_v5,overlap_stride24_lpf,bimanual_microwave_cook,4,4,False,1100,121.56351382099092,ORIGINAL_RESULT_ROOT/phase1_minimal_batchB_v5/overlap_stride24_lpf/bimanual_microwave_cook/episode_04_failure.mp4,ORIGINAL_RESULT_ROOT/phase1_minimal_batchB_v5/overlap_stride24_lpf/bimanual_microwave_cook/episode_04_failure_actions.npz
phase2_stride_supplement_v5,overlap_stride16_lpf,bimanual_microwave_cook,0,0,False,1100,127.14907350577414,ORIGINAL_RESULT_ROOT/phase2_stride_supplement_v5/overlap_stride16_lpf/bimanual_microwave_cook/episode_00_failure.mp4,ORIGINAL_RESULT_ROOT/phase2_stride_supplement_v5/overlap_stride16_lpf/bimanual_microwave_cook/episode_00_failure_actions.npz
phase2_stride_supplement_v5,overlap_stride16_lpf,bimanual_microwave_cook,1,1,False,1100,96.987717224285,ORIGINAL_RESULT_ROOT/phase2_stride_supplement_v5/overlap_stride16_lpf/bimanual_microwave_cook/episode_01_failure.mp4,ORIGINAL_RESULT_ROOT/phase2_stride_supplement_v5/overlap_stride16_lpf/bimanual_microwave_cook/episode_01_failure_actions.npz
phase2_stride_supplement_v5,overlap_stride16_lpf,bimanual_microwave_cook,2,2,True,624,63.274587051942945,ORIGINAL_RESULT_ROOT/phase2_stride_supplement_v5/overlap_stride16_lpf/bimanual_microwave_cook/episode_02_success.mp4,ORIGINAL_RESULT_ROOT/phase2_stride_supplement_v5/overlap_stride16_lpf/bimanual_microwave_cook/episode_02_success_actions.npz
phase2_stride_supplement_v5,overlap_stride16_lpf,bimanual_microwave_cook,3,3,False,1100,97.4398234076798,ORIGINAL_RESULT_ROOT/phase2_stride_supplement_v5/overlap_stride16_lpf/bimanual_microwave_cook/episode_03_failure.mp4,ORIGINAL_RESULT_ROOT/phase2_stride_supplement_v5/overlap_stride16_lpf/bimanual_microwave_cook/episode_03_failure_actions.npz
phase2_stride_supplement_v5,overlap_stride16_lpf,bimanual_microwave_cook,4,4,False,1100,96.67258572764695,ORIGINAL_RESULT_ROOT/phase2_stride_supplement_v5/overlap_stride16_lpf/bimanual_microwave_cook/episode_04_failure.mp4,ORIGINAL_RESULT_ROOT/phase2_stride_supplement_v5/overlap_stride16_lpf/bimanual_microwave_cook/episode_04_failure_actions.npz
phase2_stride_supplement_v5,overlap_stride32_lpf,bimanual_microwave_cook,0,0,False,1100,155.65496375970542,ORIGINAL_RESULT_ROOT/phase2_stride_supplement_v5/overlap_stride32_lpf/bimanual_microwave_cook/episode_00_failure.mp4,ORIGINAL_RESULT_ROOT/phase2_stride_supplement_v5/overlap_stride32_lpf/bimanual_microwave_cook/episode_00_failure_actions.npz
phase2_stride_supplement_v5,overlap_stride32_lpf,bimanual_microwave_cook,1,1,True,809,103.58584513701499,ORIGINAL_RESULT_ROOT/phase2_stride_supplement_v5/overlap_stride32_lpf/bimanual_microwave_cook/episode_01_success.mp4,ORIGINAL_RESULT_ROOT/phase2_stride_supplement_v5/overlap_stride32_lpf/bimanual_microwave_cook/episode_01_success_actions.npz
phase2_stride_supplement_v5,overlap_stride32_lpf,bimanual_microwave_cook,2,2,True,716,90.46317279152572,ORIGINAL_RESULT_ROOT/phase2_stride_supplement_v5/overlap_stride32_lpf/bimanual_microwave_cook/episode_02_success.mp4,ORIGINAL_RESULT_ROOT/phase2_stride_supplement_v5/overlap_stride32_lpf/bimanual_microwave_cook/episode_02_success_actions.npz
phase2_stride_supplement_v5,overlap_stride32_lpf,bimanual_microwave_cook,3,3,False,1100,127.32413914985955,ORIGINAL_RESULT_ROOT/phase2_stride_supplement_v5/overlap_stride32_lpf/bimanual_microwave_cook/episode_03_failure.mp4,ORIGINAL_RESULT_ROOT/phase2_stride_supplement_v5/overlap_stride32_lpf/bimanual_microwave_cook/episode_03_failure_actions.npz
phase2_stride_supplement_v5,overlap_stride32_lpf,bimanual_microwave_cook,4,4,False,1100,115.25153246335685,ORIGINAL_RESULT_ROOT/phase2_stride_supplement_v5/overlap_stride32_lpf/bimanual_microwave_cook/episode_04_failure.mp4,ORIGINAL_RESULT_ROOT/phase2_stride_supplement_v5/overlap_stride32_lpf/bimanual_microwave_cook/episode_04_failure_actions.npz
phase2_stride_supplement_v5,overlap_stride8_lpf,bimanual_microwave_cook,0,0,True,789,97.60792408883572,ORIGINAL_RESULT_ROOT/phase2_stride_supplement_v5/overlap_stride8_lpf/bimanual_microwave_cook/episode_00_success.mp4,ORIGINAL_RESULT_ROOT/phase2_stride_supplement_v5/overlap_stride8_lpf/bimanual_microwave_cook/episode_00_success_actions.npz
phase2_stride_supplement_v5,overlap_stride8_lpf,bimanual_microwave_cook,1,1,True,670,61.938704838976264,ORIGINAL_RESULT_ROOT/phase2_stride_supplement_v5/overlap_stride8_lpf/bimanual_microwave_cook/episode_01_success.mp4,ORIGINAL_RESULT_ROOT/phase2_stride_supplement_v5/overlap_stride8_lpf/bimanual_microwave_cook/episode_01_success_actions.npz
phase2_stride_supplement_v5,overlap_stride8_lpf,bimanual_microwave_cook,2,2,True,734,74.08765010908246,ORIGINAL_RESULT_ROOT/phase2_stride_supplement_v5/overlap_stride8_lpf/bimanual_microwave_cook/episode_02_success.mp4,ORIGINAL_RESULT_ROOT/phase2_stride_supplement_v5/overlap_stride8_lpf/bimanual_microwave_cook/episode_02_success_actions.npz
phase2_stride_supplement_v5,overlap_stride8_lpf,bimanual_microwave_cook,3,3,False,1100,95.2365255728364,ORIGINAL_RESULT_ROOT/phase2_stride_supplement_v5/overlap_stride8_lpf/bimanual_microwave_cook/episode_03_failure.mp4,ORIGINAL_RESULT_ROOT/phase2_stride_supplement_v5/overlap_stride8_lpf/bimanual_microwave_cook/episode_03_failure_actions.npz
phase2_stride_supplement_v5,overlap_stride8_lpf,bimanual_microwave_cook,4,4,False,1100,98.15852412395179,ORIGINAL_RESULT_ROOT/phase2_stride_supplement_v5/overlap_stride8_lpf/bimanual_microwave_cook/episode_04_failure.mp4,ORIGINAL_RESULT_ROOT/phase2_stride_supplement_v5/overlap_stride8_lpf/bimanual_microwave_cook/episode_04_failure_actions.npz
phase3_20ep_primary_v5,overlap_stride32_lpf,bimanual_microwave_cook,0,0,False,1100,149.65835063159466,ORIGINAL_RESULT_ROOT/phase3_20ep_primary_v5/overlap_stride32_lpf/bimanual_microwave_cook/episode_00_failure.mp4,ORIGINAL_RESULT_ROOT/phase3_20ep_primary_v5/overlap_stride32_lpf/bimanual_microwave_cook/episode_00_failure_actions.npz
phase3_20ep_primary_v5,overlap_stride32_lpf,bimanual_microwave_cook,1,1,True,763,86.75740956515074,ORIGINAL_RESULT_ROOT/phase3_20ep_primary_v5/overlap_stride32_lpf/bimanual_microwave_cook/episode_01_success.mp4,ORIGINAL_RESULT_ROOT/phase3_20ep_primary_v5/overlap_stride32_lpf/bimanual_microwave_cook/episode_01_success_actions.npz
phase3_20ep_primary_v5,overlap_stride32_lpf,bimanual_microwave_cook,2,2,False,1100,120.46684156544507,ORIGINAL_RESULT_ROOT/phase3_20ep_primary_v5/overlap_stride32_lpf/bimanual_microwave_cook/episode_02_failure.mp4,ORIGINAL_RESULT_ROOT/phase3_20ep_primary_v5/overlap_stride32_lpf/bimanual_microwave_cook/episode_02_failure_actions.npz
phase3_20ep_primary_v5,overlap_stride32_lpf,bimanual_microwave_cook,3,3,False,1100,125.18697122111917,ORIGINAL_RESULT_ROOT/phase3_20ep_primary_v5/overlap_stride32_lpf/bimanual_microwave_cook/episode_03_failure.mp4,ORIGINAL_RESULT_ROOT/phase3_20ep_primary_v5/overlap_stride32_lpf/bimanual_microwave_cook/episode_03_failure_actions.npz
phase3_20ep_primary_v5,overlap_stride32_lpf,bimanual_microwave_cook,4,4,False,1100,127.76344398781657,ORIGINAL_RESULT_ROOT/phase3_20ep_primary_v5/overlap_stride32_lpf/bimanual_microwave_cook/episode_04_failure.mp4,ORIGINAL_RESULT_ROOT/phase3_20ep_primary_v5/overlap_stride32_lpf/bimanual_microwave_cook/episode_04_failure_actions.npz
phase3_20ep_primary_v5,overlap_stride32_lpf,bimanual_microwave_cook,5,5,False,1100,124.1949657574296,ORIGINAL_RESULT_ROOT/phase3_20ep_primary_v5/overlap_stride32_lpf/bimanual_microwave_cook/episode_05_failure.mp4,ORIGINAL_RESULT_ROOT/phase3_20ep_primary_v5/overlap_stride32_lpf/bimanual_microwave_cook/episode_05_failure_actions.npz
phase3_20ep_primary_v5,overlap_stride32_lpf,bimanual_microwave_cook,6,6,False,1100,121.45574408955872,ORIGINAL_RESULT_ROOT/phase3_20ep_primary_v5/overlap_stride32_lpf/bimanual_microwave_cook/episode_06_failure.mp4,ORIGINAL_RESULT_ROOT/phase3_20ep_primary_v5/overlap_stride32_lpf/bimanual_microwave_cook/episode_06_failure_actions.npz
phase3_20ep_primary_v5,overlap_stride32_lpf,bimanual_microwave_cook,7,7,False,1100,122.98851324431598,ORIGINAL_RESULT_ROOT/phase3_20ep_primary_v5/overlap_stride32_lpf/bimanual_microwave_cook/episode_07_failure.mp4,ORIGINAL_RESULT_ROOT/phase3_20ep_primary_v5/overlap_stride32_lpf/bimanual_microwave_cook/episode_07_failure_actions.npz
phase3_20ep_primary_v5,overlap_stride32_lpf,bimanual_microwave_cook,8,8,False,1100,122.0695889480412,ORIGINAL_RESULT_ROOT/phase3_20ep_primary_v5/overlap_stride32_lpf/bimanual_microwave_cook/episode_08_failure.mp4,ORIGINAL_RESULT_ROOT/phase3_20ep_primary_v5/overlap_stride32_lpf/bimanual_microwave_cook/episode_08_failure_actions.npz
phase3_20ep_primary_v5,overlap_stride32_lpf,bimanual_microwave_cook,9,9,False,1100,124.791851721704,ORIGINAL_RESULT_ROOT/phase3_20ep_primary_v5/overlap_stride32_lpf/bimanual_microwave_cook/episode_09_failure.mp4,ORIGINAL_RESULT_ROOT/phase3_20ep_primary_v5/overlap_stride32_lpf/bimanual_microwave_cook/episode_09_failure_actions.npz
phase3_20ep_primary_v5,overlap_stride32_lpf,bimanual_microwave_cook,10,10,False,1100,122.81451577879488,ORIGINAL_RESULT_ROOT/phase3_20ep_primary_v5/overlap_stride32_lpf/bimanual_microwave_cook/episode_10_failure.mp4,ORIGINAL_RESULT_ROOT/phase3_20ep_primary_v5/overlap_stride32_lpf/bimanual_microwave_cook/episode_10_failure_actions.npz
phase3_20ep_primary_v5,overlap_stride32_lpf,bimanual_microwave_cook,11,11,True,831,99.9697876945138,ORIGINAL_RESULT_ROOT/phase3_20ep_primary_v5/overlap_stride32_lpf/bimanual_microwave_cook/episode_11_success.mp4,ORIGINAL_RESULT_ROOT/phase3_20ep_primary_v5/overlap_stride32_lpf/bimanual_microwave_cook/episode_11_success_actions.npz
phase3_20ep_primary_v5,overlap_stride32_lpf,bimanual_microwave_cook,12,12,False,1100,121.98304551839828,ORIGINAL_RESULT_ROOT/phase3_20ep_primary_v5/overlap_stride32_lpf/bimanual_microwave_cook/episode_12_failure.mp4,ORIGINAL_RESULT_ROOT/phase3_20ep_primary_v5/overlap_stride32_lpf/bimanual_microwave_cook/episode_12_failure_actions.npz
phase3_20ep_primary_v5,overlap_stride32_lpf,bimanual_microwave_cook,13,13,False,1100,121.89387240633368,ORIGINAL_RESULT_ROOT/phase3_20ep_primary_v5/overlap_stride32_lpf/bimanual_microwave_cook/episode_13_failure.mp4,ORIGINAL_RESULT_ROOT/phase3_20ep_primary_v5/overlap_stride32_lpf/bimanual_microwave_cook/episode_13_failure_actions.npz
phase3_20ep_primary_v5,overlap_stride32_lpf,bimanual_microwave_cook,14,14,False,1100,125.02579942345619,ORIGINAL_RESULT_ROOT/phase3_20ep_primary_v5/overlap_stride32_lpf/bimanual_microwave_cook/episode_14_failure.mp4,ORIGINAL_RESULT_ROOT/phase3_20ep_primary_v5/overlap_stride32_lpf/bimanual_microwave_cook/episode_14_failure_actions.npz
phase3_20ep_primary_v5,overlap_stride32_lpf,bimanual_microwave_cook,15,15,False,1100,125.99777202680707,ORIGINAL_RESULT_ROOT/phase3_20ep_primary_v5/overlap_stride32_lpf/bimanual_microwave_cook/episode_15_failure.mp4,ORIGINAL_RESULT_ROOT/phase3_20ep_primary_v5/overlap_stride32_lpf/bimanual_microwave_cook/episode_15_failure_actions.npz
phase3_20ep_primary_v5,overlap_stride32_lpf,bimanual_microwave_cook,16,16,False,1100,125.32476698048413,ORIGINAL_RESULT_ROOT/phase3_20ep_primary_v5/overlap_stride32_lpf/bimanual_microwave_cook/episode_16_failure.mp4,ORIGINAL_RESULT_ROOT/phase3_20ep_primary_v5/overlap_stride32_lpf/bimanual_microwave_cook/episode_16_failure_actions.npz
phase3_20ep_primary_v5,overlap_stride32_lpf,bimanual_microwave_cook,17,17,False,1100,88.04603624530137,ORIGINAL_RESULT_ROOT/phase3_20ep_primary_v5/overlap_stride32_lpf/bimanual_microwave_cook/episode_17_failure.mp4,ORIGINAL_RESULT_ROOT/phase3_20ep_primary_v5/overlap_stride32_lpf/bimanual_microwave_cook/episode_17_failure_actions.npz
phase3_20ep_primary_v5,overlap_stride32_lpf,bimanual_microwave_cook,18,18,False,1100,89.15770598500967,ORIGINAL_RESULT_ROOT/phase3_20ep_primary_v5/overlap_stride32_lpf/bimanual_microwave_cook/episode_18_failure.mp4,ORIGINAL_RESULT_ROOT/phase3_20ep_primary_v5/overlap_stride32_lpf/bimanual_microwave_cook/episode_18_failure_actions.npz
phase3_20ep_primary_v5,overlap_stride32_lpf,bimanual_microwave_cook,19,19,True,706,75.42857291176915,ORIGINAL_RESULT_ROOT/phase3_20ep_primary_v5/overlap_stride32_lpf/bimanual_microwave_cook/episode_19_success.mp4,ORIGINAL_RESULT_ROOT/phase3_20ep_primary_v5/overlap_stride32_lpf/bimanual_microwave_cook/episode_19_success_actions.npz
phase3_20ep_primary_v5,overlap_stride8_lpf,bimanual_microwave_cook,0,0,True,702,106.73283266462386,ORIGINAL_RESULT_ROOT/phase3_20ep_primary_v5/overlap_stride8_lpf/bimanual_microwave_cook/episode_00_success.mp4,ORIGINAL_RESULT_ROOT/phase3_20ep_primary_v5/overlap_stride8_lpf/bimanual_microwave_cook/episode_00_success_actions.npz
phase3_20ep_primary_v5,overlap_stride8_lpf,bimanual_microwave_cook,1,1,True,586,68.46194768510759,ORIGINAL_RESULT_ROOT/phase3_20ep_primary_v5/overlap_stride8_lpf/bimanual_microwave_cook/episode_01_success.mp4,ORIGINAL_RESULT_ROOT/phase3_20ep_primary_v5/overlap_stride8_lpf/bimanual_microwave_cook/episode_01_success_actions.npz
phase3_20ep_primary_v5,overlap_stride8_lpf,bimanual_microwave_cook,2,2,False,1100,106.08977503143251,ORIGINAL_RESULT_ROOT/phase3_20ep_primary_v5/overlap_stride8_lpf/bimanual_microwave_cook/episode_02_failure.mp4,ORIGINAL_RESULT_ROOT/phase3_20ep_primary_v5/overlap_stride8_lpf/bimanual_microwave_cook/episode_02_failure_actions.npz
phase3_20ep_primary_v5,overlap_stride8_lpf,bimanual_microwave_cook,3,3,False,1100,102.43214637227356,ORIGINAL_RESULT_ROOT/phase3_20ep_primary_v5/overlap_stride8_lpf/bimanual_microwave_cook/episode_03_failure.mp4,ORIGINAL_RESULT_ROOT/phase3_20ep_primary_v5/overlap_stride8_lpf/bimanual_microwave_cook/episode_03_failure_actions.npz
phase3_20ep_primary_v5,overlap_stride8_lpf,bimanual_microwave_cook,4,4,True,654,75.43775192275643,ORIGINAL_RESULT_ROOT/phase3_20ep_primary_v5/overlap_stride8_lpf/bimanual_microwave_cook/episode_04_success.mp4,ORIGINAL_RESULT_ROOT/phase3_20ep_primary_v5/overlap_stride8_lpf/bimanual_microwave_cook/episode_04_success_actions.npz
phase3_20ep_primary_v5,overlap_stride8_lpf,bimanual_microwave_cook,5,5,True,662,71.02802205272019,ORIGINAL_RESULT_ROOT/phase3_20ep_primary_v5/overlap_stride8_lpf/bimanual_microwave_cook/episode_05_success.mp4,ORIGINAL_RESULT_ROOT/phase3_20ep_primary_v5/overlap_stride8_lpf/bimanual_microwave_cook/episode_05_success_actions.npz
phase3_20ep_primary_v5,overlap_stride8_lpf,bimanual_microwave_cook,6,6,True,791,73.82671147957444,ORIGINAL_RESULT_ROOT/phase3_20ep_primary_v5/overlap_stride8_lpf/bimanual_microwave_cook/episode_06_success.mp4,ORIGINAL_RESULT_ROOT/phase3_20ep_primary_v5/overlap_stride8_lpf/bimanual_microwave_cook/episode_06_success_actions.npz
phase3_20ep_primary_v5,overlap_stride8_lpf,bimanual_microwave_cook,7,7,False,1100,100.90906662493944,ORIGINAL_RESULT_ROOT/phase3_20ep_primary_v5/overlap_stride8_lpf/bimanual_microwave_cook/episode_07_failure.mp4,ORIGINAL_RESULT_ROOT/phase3_20ep_primary_v5/overlap_stride8_lpf/bimanual_microwave_cook/episode_07_failure_actions.npz
phase3_20ep_primary_v5,overlap_stride8_lpf,bimanual_microwave_cook,8,8,True,1029,94.23494747467339,ORIGINAL_RESULT_ROOT/phase3_20ep_primary_v5/overlap_stride8_lpf/bimanual_microwave_cook/episode_08_success.mp4,ORIGINAL_RESULT_ROOT/phase3_20ep_primary_v5/overlap_stride8_lpf/bimanual_microwave_cook/episode_08_success_actions.npz
phase3_20ep_primary_v5,overlap_stride8_lpf,bimanual_microwave_cook,9,9,False,1100,100.2557839397341,ORIGINAL_RESULT_ROOT/phase3_20ep_primary_v5/overlap_stride8_lpf/bimanual_microwave_cook/episode_09_failure.mp4,ORIGINAL_RESULT_ROOT/phase3_20ep_primary_v5/overlap_stride8_lpf/bimanual_microwave_cook/episode_09_failure_actions.npz
phase3_20ep_primary_v5,overlap_stride8_lpf,bimanual_microwave_cook,10,10,False,1100,92.70474796928465,ORIGINAL_RESULT_ROOT/phase3_20ep_primary_v5/overlap_stride8_lpf/bimanual_microwave_cook/episode_10_failure.mp4,ORIGINAL_RESULT_ROOT/phase3_20ep_primary_v5/overlap_stride8_lpf/bimanual_microwave_cook/episode_10_failure_actions.npz
phase3_20ep_primary_v5,overlap_stride8_lpf,bimanual_microwave_cook,11,11,False,1100,92.78063230775297,ORIGINAL_RESULT_ROOT/phase3_20ep_primary_v5/overlap_stride8_lpf/bimanual_microwave_cook/episode_11_failure.mp4,ORIGINAL_RESULT_ROOT/phase3_20ep_primary_v5/overlap_stride8_lpf/bimanual_microwave_cook/episode_11_failure_actions.npz
phase3_20ep_primary_v5,overlap_stride8_lpf,bimanual_microwave_cook,12,12,False,1100,96.02442689239979,ORIGINAL_RESULT_ROOT/phase3_20ep_primary_v5/overlap_stride8_lpf/bimanual_microwave_cook/episode_12_failure.mp4,ORIGINAL_RESULT_ROOT/phase3_20ep_primary_v5/overlap_stride8_lpf/bimanual_microwave_cook/episode_12_failure_actions.npz
phase3_20ep_primary_v5,overlap_stride8_lpf,bimanual_microwave_cook,13,13,False,1100,98.35368776135147,ORIGINAL_RESULT_ROOT/phase3_20ep_primary_v5/overlap_stride8_lpf/bimanual_microwave_cook/episode_13_failure.mp4,ORIGINAL_RESULT_ROOT/phase3_20ep_primary_v5/overlap_stride8_lpf/bimanual_microwave_cook/episode_13_failure_actions.npz
phase3_20ep_primary_v5,overlap_stride8_lpf,bimanual_microwave_cook,14,14,False,1100,105.1556981112808,ORIGINAL_RESULT_ROOT/phase3_20ep_primary_v5/overlap_stride8_lpf/bimanual_microwave_cook/episode_14_failure.mp4,ORIGINAL_RESULT_ROOT/phase3_20ep_primary_v5/overlap_stride8_lpf/bimanual_microwave_cook/episode_14_failure_actions.npz
phase3_20ep_primary_v5,overlap_stride8_lpf,bimanual_microwave_cook,15,15,False,1100,105.68177370354533,ORIGINAL_RESULT_ROOT/phase3_20ep_primary_v5/overlap_stride8_lpf/bimanual_microwave_cook/episode_15_failure.mp4,ORIGINAL_RESULT_ROOT/phase3_20ep_primary_v5/overlap_stride8_lpf/bimanual_microwave_cook/episode_15_failure_actions.npz
phase3_20ep_primary_v5,overlap_stride8_lpf,bimanual_microwave_cook,16,16,False,1100,94.66962988860905,ORIGINAL_RESULT_ROOT/phase3_20ep_primary_v5/overlap_stride8_lpf/bimanual_microwave_cook/episode_16_failure.mp4,ORIGINAL_RESULT_ROOT/phase3_20ep_primary_v5/overlap_stride8_lpf/bimanual_microwave_cook/episode_16_failure_actions.npz
phase3_20ep_primary_v5,overlap_stride8_lpf,bimanual_microwave_cook,17,17,True,939,82.74331130459905,ORIGINAL_RESULT_ROOT/phase3_20ep_primary_v5/overlap_stride8_lpf/bimanual_microwave_cook/episode_17_success.mp4,ORIGINAL_RESULT_ROOT/phase3_20ep_primary_v5/overlap_stride8_lpf/bimanual_microwave_cook/episode_17_success_actions.npz
phase3_20ep_primary_v5,overlap_stride8_lpf,bimanual_microwave_cook,18,18,False,1100,96.37003396451473,ORIGINAL_RESULT_ROOT/phase3_20ep_primary_v5/overlap_stride8_lpf/bimanual_microwave_cook/episode_18_failure.mp4,ORIGINAL_RESULT_ROOT/phase3_20ep_primary_v5/overlap_stride8_lpf/bimanual_microwave_cook/episode_18_failure_actions.npz
phase3_20ep_primary_v5,overlap_stride8_lpf,bimanual_microwave_cook,19,19,False,1100,94.07613243535161,ORIGINAL_RESULT_ROOT/phase3_20ep_primary_v5/overlap_stride8_lpf/bimanual_microwave_cook/episode_19_failure.mp4,ORIGINAL_RESULT_ROOT/phase3_20ep_primary_v5/overlap_stride8_lpf/bimanual_microwave_cook/episode_19_failure_actions.npz
phase3_20ep_primary_v5,sync_stride24,bimanual_microwave_cook,0,0,False,1100,160.04517581500113,ORIGINAL_RESULT_ROOT/phase3_20ep_primary_v5/sync_stride24/bimanual_microwave_cook/episode_00_failure.mp4,ORIGINAL_RESULT_ROOT/phase3_20ep_primary_v5/sync_stride24/bimanual_microwave_cook/episode_00_failure_actions.npz
phase3_20ep_primary_v5,sync_stride24,bimanual_microwave_cook,1,1,True,679,90.80400045588613,ORIGINAL_RESULT_ROOT/phase3_20ep_primary_v5/sync_stride24/bimanual_microwave_cook/episode_01_success.mp4,ORIGINAL_RESULT_ROOT/phase3_20ep_primary_v5/sync_stride24/bimanual_microwave_cook/episode_01_success_actions.npz
phase3_20ep_primary_v5,sync_stride24,bimanual_microwave_cook,2,2,True,790,98.61109358258545,ORIGINAL_RESULT_ROOT/phase3_20ep_primary_v5/sync_stride24/bimanual_microwave_cook/episode_02_success.mp4,ORIGINAL_RESULT_ROOT/phase3_20ep_primary_v5/sync_stride24/bimanual_microwave_cook/episode_02_success_actions.npz
phase3_20ep_primary_v5,sync_stride24,bimanual_microwave_cook,3,3,False,1100,132.28424492292106,ORIGINAL_RESULT_ROOT/phase3_20ep_primary_v5/sync_stride24/bimanual_microwave_cook/episode_03_failure.mp4,ORIGINAL_RESULT_ROOT/phase3_20ep_primary_v5/sync_stride24/bimanual_microwave_cook/episode_03_failure_actions.npz
phase3_20ep_primary_v5,sync_stride24,bimanual_microwave_cook,4,4,False,1100,138.37274394743145,ORIGINAL_RESULT_ROOT/phase3_20ep_primary_v5/sync_stride24/bimanual_microwave_cook/episode_04_failure.mp4,ORIGINAL_RESULT_ROOT/phase3_20ep_primary_v5/sync_stride24/bimanual_microwave_cook/episode_04_failure_actions.npz
phase3_20ep_primary_v5,sync_stride24,bimanual_microwave_cook,5,5,False,1100,131.72992349416018,ORIGINAL_RESULT_ROOT/phase3_20ep_primary_v5/sync_stride24/bimanual_microwave_cook/episode_05_failure.mp4,ORIGINAL_RESULT_ROOT/phase3_20ep_primary_v5/sync_stride24/bimanual_microwave_cook/episode_05_failure_actions.npz
phase3_20ep_primary_v5,sync_stride24,bimanual_microwave_cook,6,6,True,1010,126.03670129366219,ORIGINAL_RESULT_ROOT/phase3_20ep_primary_v5/sync_stride24/bimanual_microwave_cook/episode_06_success.mp4,ORIGINAL_RESULT_ROOT/phase3_20ep_primary_v5/sync_stride24/bimanual_microwave_cook/episode_06_success_actions.npz
phase3_20ep_primary_v5,sync_stride24,bimanual_microwave_cook,7,7,False,1100,140.3921313714236,ORIGINAL_RESULT_ROOT/phase3_20ep_primary_v5/sync_stride24/bimanual_microwave_cook/episode_07_failure.mp4,ORIGINAL_RESULT_ROOT/phase3_20ep_primary_v5/sync_stride24/bimanual_microwave_cook/episode_07_failure_actions.npz
phase3_20ep_primary_v5,sync_stride24,bimanual_microwave_cook,8,8,False,1100,133.8496464062482,ORIGINAL_RESULT_ROOT/phase3_20ep_primary_v5/sync_stride24/bimanual_microwave_cook/episode_08_failure.mp4,ORIGINAL_RESULT_ROOT/phase3_20ep_primary_v5/sync_stride24/bimanual_microwave_cook/episode_08_failure_actions.npz
phase3_20ep_primary_v5,sync_stride24,bimanual_microwave_cook,9,9,False,1100,141.83260319195688,ORIGINAL_RESULT_ROOT/phase3_20ep_primary_v5/sync_stride24/bimanual_microwave_cook/episode_09_failure.mp4,ORIGINAL_RESULT_ROOT/phase3_20ep_primary_v5/sync_stride24/bimanual_microwave_cook/episode_09_failure_actions.npz
phase3_20ep_primary_v5,sync_stride24,bimanual_microwave_cook,10,10,False,1100,132.00283249281347,ORIGINAL_RESULT_ROOT/phase3_20ep_primary_v5/sync_stride24/bimanual_microwave_cook/episode_10_failure.mp4,ORIGINAL_RESULT_ROOT/phase3_20ep_primary_v5/sync_stride24/bimanual_microwave_cook/episode_10_failure_actions.npz
phase3_20ep_primary_v5,sync_stride24,bimanual_microwave_cook,11,11,False,1100,135.4102657046169,ORIGINAL_RESULT_ROOT/phase3_20ep_primary_v5/sync_stride24/bimanual_microwave_cook/episode_11_failure.mp4,ORIGINAL_RESULT_ROOT/phase3_20ep_primary_v5/sync_stride24/bimanual_microwave_cook/episode_11_failure_actions.npz
phase3_20ep_primary_v5,sync_stride24,bimanual_microwave_cook,12,12,False,1100,133.4961218163371,ORIGINAL_RESULT_ROOT/phase3_20ep_primary_v5/sync_stride24/bimanual_microwave_cook/episode_12_failure.mp4,ORIGINAL_RESULT_ROOT/phase3_20ep_primary_v5/sync_stride24/bimanual_microwave_cook/episode_12_failure_actions.npz
phase3_20ep_primary_v5,sync_stride24,bimanual_microwave_cook,13,13,False,1100,134.45776915177703,ORIGINAL_RESULT_ROOT/phase3_20ep_primary_v5/sync_stride24/bimanual_microwave_cook/episode_13_failure.mp4,ORIGINAL_RESULT_ROOT/phase3_20ep_primary_v5/sync_stride24/bimanual_microwave_cook/episode_13_failure_actions.npz
phase3_20ep_primary_v5,sync_stride24,bimanual_microwave_cook,14,14,False,1100,134.34472557902336,ORIGINAL_RESULT_ROOT/phase3_20ep_primary_v5/sync_stride24/bimanual_microwave_cook/episode_14_failure.mp4,ORIGINAL_RESULT_ROOT/phase3_20ep_primary_v5/sync_stride24/bimanual_microwave_cook/episode_14_failure_actions.npz
phase3_20ep_primary_v5,sync_stride24,bimanual_microwave_cook,15,15,False,1100,134.19704017974436,ORIGINAL_RESULT_ROOT/phase3_20ep_primary_v5/sync_stride24/bimanual_microwave_cook/episode_15_failure.mp4,ORIGINAL_RESULT_ROOT/phase3_20ep_primary_v5/sync_stride24/bimanual_microwave_cook/episode_15_failure_actions.npz
phase3_20ep_primary_v5,sync_stride24,bimanual_microwave_cook,16,16,False,1100,98.61981256119907,ORIGINAL_RESULT_ROOT/phase3_20ep_primary_v5/sync_stride24/bimanual_microwave_cook/episode_16_failure.mp4,ORIGINAL_RESULT_ROOT/phase3_20ep_primary_v5/sync_stride24/bimanual_microwave_cook/episode_16_failure_actions.npz
phase3_20ep_primary_v5,sync_stride24,bimanual_microwave_cook,17,17,False,1100,104.16091461665928,ORIGINAL_RESULT_ROOT/phase3_20ep_primary_v5/sync_stride24/bimanual_microwave_cook/episode_17_failure.mp4,ORIGINAL_RESULT_ROOT/phase3_20ep_primary_v5/sync_stride24/bimanual_microwave_cook/episode_17_failure_actions.npz
phase3_20ep_primary_v5,sync_stride24,bimanual_microwave_cook,18,18,False,1100,121.27372118271887,ORIGINAL_RESULT_ROOT/phase3_20ep_primary_v5/sync_stride24/bimanual_microwave_cook/episode_18_failure.mp4,ORIGINAL_RESULT_ROOT/phase3_20ep_primary_v5/sync_stride24/bimanual_microwave_cook/episode_18_failure_actions.npz
phase3_20ep_primary_v5,sync_stride24,bimanual_microwave_cook,19,19,False,1100,115.71457116492093,ORIGINAL_RESULT_ROOT/phase3_20ep_primary_v5/sync_stride24/bimanual_microwave_cook/episode_19_failure.mp4,ORIGINAL_RESULT_ROOT/phase3_20ep_primary_v5/sync_stride24/bimanual_microwave_cook/episode_19_failure_actions.npz
phase3_20ep_primary_v5,sync_stride24_lpf,bimanual_microwave_cook,0,0,False,1100,161.87534620799124,ORIGINAL_RESULT_ROOT/phase3_20ep_primary_v5/sync_stride24_lpf/bimanual_microwave_cook/episode_00_failure.mp4,ORIGINAL_RESULT_ROOT/phase3_20ep_primary_v5/sync_stride24_lpf/bimanual_microwave_cook/episode_00_failure_actions.npz
phase3_20ep_primary_v5,sync_stride24_lpf,bimanual_microwave_cook,1,1,False,1100,137.30230047553778,ORIGINAL_RESULT_ROOT/phase3_20ep_primary_v5/sync_stride24_lpf/bimanual_microwave_cook/episode_01_failure.mp4,ORIGINAL_RESULT_ROOT/phase3_20ep_primary_v5/sync_stride24_lpf/bimanual_microwave_cook/episode_01_failure_actions.npz
phase3_20ep_primary_v5,sync_stride24_lpf,bimanual_microwave_cook,2,2,True,844,107.42035107500851,ORIGINAL_RESULT_ROOT/phase3_20ep_primary_v5/sync_stride24_lpf/bimanual_microwave_cook/episode_02_success.mp4,ORIGINAL_RESULT_ROOT/phase3_20ep_primary_v5/sync_stride24_lpf/bimanual_microwave_cook/episode_02_success_actions.npz
phase3_20ep_primary_v5,sync_stride24_lpf,bimanual_microwave_cook,3,3,False,1100,136.41082288324833,ORIGINAL_RESULT_ROOT/phase3_20ep_primary_v5/sync_stride24_lpf/bimanual_microwave_cook/episode_03_failure.mp4,ORIGINAL_RESULT_ROOT/phase3_20ep_primary_v5/sync_stride24_lpf/bimanual_microwave_cook/episode_03_failure_actions.npz
phase3_20ep_primary_v5,sync_stride24_lpf,bimanual_microwave_cook,4,4,False,1100,138.63134775310755,ORIGINAL_RESULT_ROOT/phase3_20ep_primary_v5/sync_stride24_lpf/bimanual_microwave_cook/episode_04_failure.mp4,ORIGINAL_RESULT_ROOT/phase3_20ep_primary_v5/sync_stride24_lpf/bimanual_microwave_cook/episode_04_failure_actions.npz
phase3_20ep_primary_v5,sync_stride24_lpf,bimanual_microwave_cook,5,5,False,1100,134.43035249598324,ORIGINAL_RESULT_ROOT/phase3_20ep_primary_v5/sync_stride24_lpf/bimanual_microwave_cook/episode_05_failure.mp4,ORIGINAL_RESULT_ROOT/phase3_20ep_primary_v5/sync_stride24_lpf/bimanual_microwave_cook/episode_05_failure_actions.npz
phase3_20ep_primary_v5,sync_stride24_lpf,bimanual_microwave_cook,6,6,True,826,102.38086298108101,ORIGINAL_RESULT_ROOT/phase3_20ep_primary_v5/sync_stride24_lpf/bimanual_microwave_cook/episode_06_success.mp4,ORIGINAL_RESULT_ROOT/phase3_20ep_primary_v5/sync_stride24_lpf/bimanual_microwave_cook/episode_06_success_actions.npz
phase3_20ep_primary_v5,sync_stride24_lpf,bimanual_microwave_cook,7,7,False,1100,133.83161250129342,ORIGINAL_RESULT_ROOT/phase3_20ep_primary_v5/sync_stride24_lpf/bimanual_microwave_cook/episode_07_failure.mp4,ORIGINAL_RESULT_ROOT/phase3_20ep_primary_v5/sync_stride24_lpf/bimanual_microwave_cook/episode_07_failure_actions.npz
phase3_20ep_primary_v5,sync_stride24_lpf,bimanual_microwave_cook,8,8,False,1100,139.8951472043991,ORIGINAL_RESULT_ROOT/phase3_20ep_primary_v5/sync_stride24_lpf/bimanual_microwave_cook/episode_08_failure.mp4,ORIGINAL_RESULT_ROOT/phase3_20ep_primary_v5/sync_stride24_lpf/bimanual_microwave_cook/episode_08_failure_actions.npz
phase3_20ep_primary_v5,sync_stride24_lpf,bimanual_microwave_cook,9,9,False,1100,137.34015040285885,ORIGINAL_RESULT_ROOT/phase3_20ep_primary_v5/sync_stride24_lpf/bimanual_microwave_cook/episode_09_failure.mp4,ORIGINAL_RESULT_ROOT/phase3_20ep_primary_v5/sync_stride24_lpf/bimanual_microwave_cook/episode_09_failure_actions.npz
phase3_20ep_primary_v5,sync_stride24_lpf,bimanual_microwave_cook,10,10,False,1100,134.65143155492842,ORIGINAL_RESULT_ROOT/phase3_20ep_primary_v5/sync_stride24_lpf/bimanual_microwave_cook/episode_10_failure.mp4,ORIGINAL_RESULT_ROOT/phase3_20ep_primary_v5/sync_stride24_lpf/bimanual_microwave_cook/episode_10_failure_actions.npz
phase3_20ep_primary_v5,sync_stride24_lpf,bimanual_microwave_cook,11,11,False,1100,136.71033576130867,ORIGINAL_RESULT_ROOT/phase3_20ep_primary_v5/sync_stride24_lpf/bimanual_microwave_cook/episode_11_failure.mp4,ORIGINAL_RESULT_ROOT/phase3_20ep_primary_v5/sync_stride24_lpf/bimanual_microwave_cook/episode_11_failure_actions.npz
phase3_20ep_primary_v5,sync_stride24_lpf,bimanual_microwave_cook,12,12,False,1100,129.1328950431198,ORIGINAL_RESULT_ROOT/phase3_20ep_primary_v5/sync_stride24_lpf/bimanual_microwave_cook/episode_12_failure.mp4,ORIGINAL_RESULT_ROOT/phase3_20ep_primary_v5/sync_stride24_lpf/bimanual_microwave_cook/episode_12_failure_actions.npz
phase3_20ep_primary_v5,sync_stride24_lpf,bimanual_microwave_cook,13,13,False,1100,138.267116246745,ORIGINAL_RESULT_ROOT/phase3_20ep_primary_v5/sync_stride24_lpf/bimanual_microwave_cook/episode_13_failure.mp4,ORIGINAL_RESULT_ROOT/phase3_20ep_primary_v5/sync_stride24_lpf/bimanual_microwave_cook/episode_13_failure_actions.npz
phase3_20ep_primary_v5,sync_stride24_lpf,bimanual_microwave_cook,14,14,False,1100,134.96411085128784,ORIGINAL_RESULT_ROOT/phase3_20ep_primary_v5/sync_stride24_lpf/bimanual_microwave_cook/episode_14_failure.mp4,ORIGINAL_RESULT_ROOT/phase3_20ep_primary_v5/sync_stride24_lpf/bimanual_microwave_cook/episode_14_failure_actions.npz
phase3_20ep_primary_v5,sync_stride24_lpf,bimanual_microwave_cook,15,15,False,1100,125.37166005373001,ORIGINAL_RESULT_ROOT/phase3_20ep_primary_v5/sync_stride24_lpf/bimanual_microwave_cook/episode_15_failure.mp4,ORIGINAL_RESULT_ROOT/phase3_20ep_primary_v5/sync_stride24_lpf/bimanual_microwave_cook/episode_15_failure_actions.npz
phase3_20ep_primary_v5,sync_stride24_lpf,bimanual_microwave_cook,16,16,False,1100,94.1710323560983,ORIGINAL_RESULT_ROOT/phase3_20ep_primary_v5/sync_stride24_lpf/bimanual_microwave_cook/episode_16_failure.mp4,ORIGINAL_RESULT_ROOT/phase3_20ep_primary_v5/sync_stride24_lpf/bimanual_microwave_cook/episode_16_failure_actions.npz
phase3_20ep_primary_v5,sync_stride24_lpf,bimanual_microwave_cook,17,17,False,1100,116.71208246797323,ORIGINAL_RESULT_ROOT/phase3_20ep_primary_v5/sync_stride24_lpf/bimanual_microwave_cook/episode_17_failure.mp4,ORIGINAL_RESULT_ROOT/phase3_20ep_primary_v5/sync_stride24_lpf/bimanual_microwave_cook/episode_17_failure_actions.npz
phase3_20ep_primary_v5,sync_stride24_lpf,bimanual_microwave_cook,18,18,False,1100,117.45321092382073,ORIGINAL_RESULT_ROOT/phase3_20ep_primary_v5/sync_stride24_lpf/bimanual_microwave_cook/episode_18_failure.mp4,ORIGINAL_RESULT_ROOT/phase3_20ep_primary_v5/sync_stride24_lpf/bimanual_microwave_cook/episode_18_failure_actions.npz
phase3_20ep_primary_v5,sync_stride24_lpf,bimanual_microwave_cook,19,19,False,1100,116.38728813827038,ORIGINAL_RESULT_ROOT/phase3_20ep_primary_v5/sync_stride24_lpf/bimanual_microwave_cook/episode_19_failure.mp4,ORIGINAL_RESULT_ROOT/phase3_20ep_primary_v5/sync_stride24_lpf/bimanual_microwave_cook/episode_19_failure_actions.npz
